Finding No.,Support Type,Insulation,Fluid,Operating Temperature (minimum),Operating Temperature (maximum),Material,Coating,Primer,Mist,Intermediate,Finish,Anti-Corrosion,Environment,Severity,Susceptibility
Ammonia-P01-R01,Clamp+Guide,Yes,Ammonia,-30,35,Carbon Steel,Yes,Inorganic zinc Self-cure Solvent base,High-built Polyamide Epoxy,High-build Polyamide Epoxy,Aliphatic Polyurethane Final coat,No,Marine,Negligible,Negligible
Ammonia-P01-R02,Clamp+Guide,Yes,Ammonia,-30,35,Carbon Steel,Yes,Inorganic zinc Self-cure Solvent base,High-built Polyamide Epoxy,High-build Polyamide Epoxy,Aliphatic Polyurethane Final coat,No,Marine,Negligible,Negligible
Ammonia-P01-R03,Clamp,Yes,Ammonia,-30,35,Carbon Steel,Yes,Inorganic zinc Self-cure Solvent base,High-built Polyamide Epoxy,High-build Polyamide Epoxy,Aliphatic Polyurethane Final coat,No,Marine,Negligible,Negligible
Ammonia-P01-R04,Clamp,Yes,Ammonia,-30,35,Carbon Steel,Yes,Inorganic zinc Self-cure Solvent base,High-built Polyamide Epoxy,High-build Polyamide Epoxy,Aliphatic Polyurethane Final coat,No,Marine,Negligible,Negligible
Ammonia-P01-R05,Clamp+Guide,Yes,Ammonia,-30,35,Carbon Steel,Yes,Inorganic zinc Self-cure Solvent base,High-built Polyamide Epoxy,High-build Polyamide Epoxy,Aliphatic Polyurethane Final coat,No,Marine,Negligible,Negligible
Ammonia-P02-R01,Clamp,Yes,Ammonia,-30,35,Carbon Steel,Yes,Inorganic zinc Self-cure Solvent base,High-built Polyamide Epoxy,High-build Polyamide Epoxy,Aliphatic Polyurethane Final coat,No,Marine,Negligible,Negligible
Ammonia-P02-R02,Clamp,Yes,Ammonia,-30,35,Carbon Steel,Yes,Inorganic zinc Self-cure Solvent base,High-built Polyamide Epoxy,High-build Polyamide Epoxy,Aliphatic Polyurethane Final coat,No,Marine,Negligible,Negligible
Ammonia-P02-R03,Pipework resting on beam,Yes,Ammonia,-30,35,Carbon Steel,Yes,Inorganic zinc Self-cure Solvent base,High-built Polyamide Epoxy,High-build Polyamide Epoxy,Aliphatic Polyurethane Final coat,No,Marine,Negligible,Negligible
Ammonia-P02-R04,Pipework resting on beam,Yes,Ammonia,-30,35,Carbon Steel,Yes,Inorganic zinc Self-cure Solvent base,High-built Polyamide Epoxy,High-build Polyamide Epoxy,Aliphatic Polyurethane Final coat,No,Marine,Negligible,Negligible
Ammonia-P03-R01,Pipework resting on beam,No,Ammonia,-30,35,Carbon Steel,Yes,Inorganic zinc Self-cure Solvent base,High-built Polyamide Epoxy,High-build Polyamide Epoxy,Aliphatic Polyurethane Final coat,No,Marine,Negligible,Negligible
Ammonia-P03-R02,Pipework resting on beam,No,Ammonia,-30,35,Carbon Steel,Yes,Inorganic zinc Self-cure Solvent base,High-built Polyamide Epoxy,High-build Polyamide Epoxy,Aliphatic Polyurethane Final coat,No,Marine,Negligible,Negligible
Ammonia-P03-R03,Pipework resting on beam,No,Ammonia,-30,35,Carbon Steel,Yes,Inorganic zinc Self-cure Solvent base,High-built Polyamide Epoxy,High-build Polyamide Epoxy,Aliphatic Polyurethane Final coat,No,Marine,Negligible,Negligible
Ammonia-P03-R04,Guide,No,Ammonia,-30,35,Carbon Steel,Yes,Inorganic zinc Self-cure Solvent base,High-built Polyamide Epoxy,High-build Polyamide Epoxy,Aliphatic Polyurethane Final coat,No,Marine,Negligible,Negligible
Ammonia-P03-R05,Guide,No,Ammonia,-30,35,Carbon Steel,Yes,Inorganic zinc Self-cure Solvent base,High-built Polyamide Epoxy,High-build Polyamide Epoxy,Aliphatic Polyurethane Final coat,No,Marine,Negligible,Negligible
Ammonia-P04-R01,Trunnion,No,Ammonia,-30,35,Carbon Steel,Yes,Inorganic zinc Self-cure Solvent base,High-built Polyamide Epoxy,High-build Polyamide Epoxy,Aliphatic Polyurethane Final coat,No,Marine,Negligible,Negligible
Ammonia-P04-R02,Pipework resting on beam,No,Ammonia,-30,35,Carbon Steel,Yes,Inorganic zinc Self-cure Solvent base,High-built Polyamide Epoxy,High-build Polyamide Epoxy,Aliphatic Polyurethane Final coat,No,Marine,Negligible,Negligible
Ammonia-P04-R03,Guide,No,Ammonia,-30,35,Carbon Steel,Yes,Inorganic zinc Self-cure Solvent base,High-built Polyamide Epoxy,High-build Polyamide Epoxy,Aliphatic Polyurethane Final coat,No,Marine,Negligible,Negligible
Ammonia-P04-R04,Pipework resting on beam,No,Ammonia,-30,35,Carbon Steel,Yes,Inorganic zinc Self-cure Solvent base,High-built Polyamide Epoxy,High-build Polyamide Epoxy,Aliphatic Polyurethane Final coat,No,Marine,Negligible,Negligible
Ammonia-P04-R05,Guide,No,Ammonia,-30,35,Carbon Steel,Yes,Inorganic zinc Self-cure Solvent base,High-built Polyamide Epoxy,High-build Polyamide Epoxy,Aliphatic Polyurethane Final coat,No,Marine,Negligible,Negligible
AN-P01-R01,Bolted skid,Yes,Acrylonitrile,15,19,Carbon Steel,Yes,Inorganic zinc Self-cure Solvent base,High-built Polyamide Epoxy,High-build Polyamide Epoxy,Aliphatic Polyurethane Final coat,No,Marine,Negligible,Negligible
AN-P01-R02,Bolted skid,Yes,Acrylonitrile,15,19,Carbon Steel,Yes,Inorganic zinc Self-cure Solvent base,High-built Polyamide Epoxy,High-build Polyamide Epoxy,Aliphatic Polyurethane Final coat,No,Marine,Negligible,Negligible
AN-P01-R03,Pipework resting on beam,Yes,Acrylonitrile,15,19,Carbon Steel,Yes,Inorganic zinc Self-cure Solvent base,High-built Polyamide Epoxy,High-build Polyamide Epoxy,Aliphatic Polyurethane Final coat,No,Marine,Negligible,Negligible
AN-P01-R04,Bolted skid,Yes,Acrylonitrile,15,19,Carbon Steel,Yes,Inorganic zinc Self-cure Solvent base,High-built Polyamide Epoxy,High-build Polyamide Epoxy,Aliphatic Polyurethane Final coat,No,Marine,Negligible,Negligible
AN-P01-R05,Clamp+Guide,Yes,Acrylonitrile,15,19,Carbon Steel,Yes,Inorganic zinc Self-cure Solvent base,High-built Polyamide Epoxy,High-build Polyamide Epoxy,Aliphatic Polyurethane Final coat,No,Marine,Negligible,Negligible
AN-P02-R01,Bolted skid,Yes,Acrylonitrile,15,19,Carbon Steel,Yes,Inorganic zinc Self-cure Solvent base,High-built Polyamide Epoxy,High-build Polyamide Epoxy,Aliphatic Polyurethane Final coat,No,Marine,Negligible,Negligible
AN-P02-R02,Bolted skid,Yes,Acrylonitrile,15,19,Carbon Steel,Yes,Inorganic zinc Self-cure Solvent base,High-built Polyamide Epoxy,High-build Polyamide Epoxy,Aliphatic Polyurethane Final coat,No,Marine,Negligible,Negligible
AN-P02-R03,Pipework resting on beam,Yes,Acrylonitrile,15,19,Carbon Steel,Yes,Inorganic zinc Self-cure Solvent base,High-built Polyamide Epoxy,High-build Polyamide Epoxy,Aliphatic Polyurethane Final coat,No,Marine,Negligible,Negligible
AN-P02-R04,Bolted skid,Yes,Acrylonitrile,15,19,Carbon Steel,Yes,Inorganic zinc Self-cure Solvent base,High-built Polyamide Epoxy,High-build Polyamide Epoxy,Aliphatic Polyurethane Final coat,No,Marine,Negligible,Negligible
AN-P03-R01,Bolted skid,Yes,Acrylonitrile,15,19,Carbon Steel,Yes,Inorganic zinc Self-cure Solvent base,High-built Polyamide Epoxy,High-build Polyamide Epoxy,Aliphatic Polyurethane Final coat,No,Marine,Negligible,Negligible
AN-P03-R02,Bolted skid,Yes,Acrylonitrile,15,19,Carbon Steel,Yes,Inorganic zinc Self-cure Solvent base,High-built Polyamide Epoxy,High-build Polyamide Epoxy,Aliphatic Polyurethane Final coat,No,Marine,Negligible,Negligible
AN-P03-R03,Bolted skid,Yes,Acrylonitrile,15,19,Carbon Steel,Yes,Inorganic zinc Self-cure Solvent base,High-built Polyamide Epoxy,High-build Polyamide Epoxy,Aliphatic Polyurethane Final coat,No,Marine,Negligible,Negligible
AN-P03-R04,Bolted skid,Yes,Acrylonitrile,15,19,Carbon Steel,Yes,Inorganic zinc Self-cure Solvent base,High-built Polyamide Epoxy,High-build Polyamide Epoxy,Aliphatic Polyurethane Final coat,No,Marine,Negligible,Negligible
AN-P03-R05,Bolted skid,Yes,Acrylonitrile,15,19,Carbon Steel,Yes,Inorganic zinc Self-cure Solvent base,High-built Polyamide Epoxy,High-build Polyamide Epoxy,Aliphatic Polyurethane Final coat,No,Marine,Negligible,Negligible
AN-P04-R01,Bolted skid,Yes,Acrylonitrile,15,19,Carbon Steel,Yes,Inorganic zinc Self-cure Solvent base,High-built Polyamide Epoxy,High-build Polyamide Epoxy,Aliphatic Polyurethane Final coat,No,Marine,Negligible,Negligible
AN-P04-R02,Bolted skid,Yes,Acrylonitrile,15,19,Carbon Steel,Yes,Inorganic zinc Self-cure Solvent base,High-built Polyamide Epoxy,High-build Polyamide Epoxy,Aliphatic Polyurethane Final coat,No,Marine,Negligible,Negligible
AN-P04-R03,Bolted skid,Yes,Acrylonitrile,15,19,Carbon Steel,Yes,Inorganic zinc Self-cure Solvent base,High-built Polyamide Epoxy,High-build Polyamide Epoxy,Aliphatic Polyurethane Final coat,No,Marine,Negligible,Negligible
AN-P04-R04,Bolted skid,Yes,Acrylonitrile,15,19,Carbon Steel,Yes,Inorganic zinc Self-cure Solvent base,High-built Polyamide Epoxy,High-build Polyamide Epoxy,Aliphatic Polyurethane Final coat,No,Marine,Negligible,Negligible
LNG-P01-R01,Pipework resting on beam,No,Liquefied Petroleum Gas,15,27,Carbon Steel,Yes,Inorganic zinc Self-cure Solvent base,High-built Polyamide Epoxy,High-build Polyamide Epoxy,Aliphatic Polyurethane Final coat,No,Marine,Low,Negligible
LNG-P01-R02,Pipework resting on beam,No,Liquefied Petroleum Gas,15,27,Carbon Steel,Yes,Inorganic zinc Self-cure Solvent base,High-built Polyamide Epoxy,High-build Polyamide Epoxy,Aliphatic Polyurethane Final coat,No,Marine,Negligible,Negligible
LNG-P01-R03,Guide,No,Liquefied Petroleum Gas,15,27,Carbon Steel,Yes,Inorganic zinc Self-cure Solvent base,High-built Polyamide Epoxy,High-build Polyamide Epoxy,Aliphatic Polyurethane Final coat,No,Marine,Low,Negligible
LNG-P01-R04,Pipework resting on beam,No,Liquefied Petroleum Gas,15,27,Carbon Steel,Yes,Inorganic zinc Self-cure Solvent base,High-built Polyamide Epoxy,High-build Polyamide Epoxy,Aliphatic Polyurethane Final coat,No,Marine,Negligible,Negligible
LNG-P02-R01,Guide,No,Liquefied Petroleum Gas,15,27,Carbon Steel,Yes,Inorganic zinc Self-cure Solvent base,High-built Polyamide Epoxy,High-build Polyamide Epoxy,Aliphatic Polyurethane Final coat,No,Marine,Negligible,Negligible
LNG-P02-R02,Guide,No,Liquefied Petroleum Gas,15,27,Carbon Steel,Yes,Inorganic zinc Self-cure Solvent base,High-built Polyamide Epoxy,High-build Polyamide Epoxy,Aliphatic Polyurethane Final coat,No,Marine,Negligible,Negligible
LNG-P02-R03,Guide,No,Liquefied Petroleum Gas,15,27,Carbon Steel,Yes,Inorganic zinc Self-cure Solvent base,High-built Polyamide Epoxy,High-build Polyamide Epoxy,Aliphatic Polyurethane Final coat,No,Marine,Negligible,Negligible
LNG-P03-R01,Pipework resting on beam,No,Liquefied Petroleum Gas,15,27,Carbon Steel,Yes,Inorganic zinc Self-cure Solvent base,High-built Polyamide Epoxy,High-build Polyamide Epoxy,Aliphatic Polyurethane Final coat,No,Marine,Negligible,Negligible
LNG-P03-R02,Guide,No,Liquefied Petroleum Gas,15,27,Carbon Steel,Yes,Inorganic zinc Self-cure Solvent base,High-built Polyamide Epoxy,High-build Polyamide Epoxy,Aliphatic Polyurethane Final coat,No,Marine,Negligible,Negligible
LNG-P03-R03,Pipework resting on beam,No,Liquefied Petroleum Gas,15,27,Carbon Steel,Yes,Inorganic zinc Self-cure Solvent base,High-built Polyamide Epoxy,High-build Polyamide Epoxy,Aliphatic Polyurethane Final coat,No,Marine,Negligible,Negligible
LNG-P03-R04,Guide,No,Liquefied Petroleum Gas,15,27,Carbon Steel,Yes,Inorganic zinc Self-cure Solvent base,High-built Polyamide Epoxy,High-build Polyamide Epoxy,Aliphatic Polyurethane Final coat,No,Marine,Low,Negligible
LNG-P03-R05,Guide,No,Liquefied Petroleum Gas,15,27,Carbon Steel,Yes,Inorganic zinc Self-cure Solvent base,High-built Polyamide Epoxy,High-build Polyamide Epoxy,Aliphatic Polyurethane Final coat,No,Marine,Low,Negligible
LNG-P04-R01,Guide,No,Liquefied Petroleum Gas,15,27,Carbon Steel,Yes,Inorganic zinc Self-cure Solvent base,High-built Polyamide Epoxy,High-build Polyamide Epoxy,Aliphatic Polyurethane Final coat,No,Marine,Negligible,Negligible
LNG-P04-R02,Pipework resting on beam,No,Liquefied Petroleum Gas,15,27,Carbon Steel,Yes,Inorganic zinc Self-cure Solvent base,High-built Polyamide Epoxy,High-build Polyamide Epoxy,Aliphatic Polyurethane Final coat,No,Marine,Low,Negligible
LNG-P04-R03,Guide,No,Liquefied Petroleum Gas,15,27,Carbon Steel,Yes,Inorganic zinc Self-cure Solvent base,High-built Polyamide Epoxy,High-build Polyamide Epoxy,Aliphatic Polyurethane Final coat,No,Marine,Low,Negligible
LNG-P04-R04,Pipework resting on beam,No,Liquefied Petroleum Gas,15,27,Carbon Steel,Yes,Inorganic zinc Self-cure Solvent base,High-built Polyamide Epoxy,High-build Polyamide Epoxy,Aliphatic Polyurethane Final coat,No,Marine,Negligible,Negligible
LNG-P04-R05,Guide,No,Liquefied Petroleum Gas,15,27,Carbon Steel,Yes,Inorganic zinc Self-cure Solvent base,High-built Polyamide Epoxy,High-build Polyamide Epoxy,Aliphatic Polyurethane Final coat,No,Marine,Negligible,Negligible
MMA-P01-R01,Bolted skid,Yes,Methyl Methacrylate,10,24,Stainless Steel,Yes,Inorganic zinc Self-cure Solvent base,High-built Polyamide Epoxy,High-build Polyamide Epoxy,Aliphatic Polyurethane Final coat,No,Marine,Negligible,Negligible
MMA-P01-R02,Bolted skid,Yes,Methyl Methacrylate,10,24,Stainless Steel,Yes,Inorganic zinc Self-cure Solvent base,High-built Polyamide Epoxy,High-build Polyamide Epoxy,Aliphatic Polyurethane Final coat,No,Marine,Negligible,Negligible
MMA-P01-R03,Bolted skid,Yes,Methyl Methacrylate,10,24,Stainless Steel,Yes,Inorganic zinc Self-cure Solvent base,High-built Polyamide Epoxy,High-build Polyamide Epoxy,Aliphatic Polyurethane Final coat,No,Marine,Negligible,Negligible
MMA-P01-R04,Bolted skid,Yes,Methyl Methacrylate,10,24,Stainless Steel,Yes,Inorganic zinc Self-cure Solvent base,High-built Polyamide Epoxy,High-build Polyamide Epoxy,Aliphatic Polyurethane Final coat,No,Marine,Negligible,Negligible
MMA-P01-R05,Bolted skid,Yes,Methyl Methacrylate,10,24,Stainless Steel,Yes,Inorganic zinc Self-cure Solvent base,High-built Polyamide Epoxy,High-build Polyamide Epoxy,Aliphatic Polyurethane Final coat,No,Marine,Negligible,Negligible
MMA-P02-R01,Bolted skid,Yes,Methyl Methacrylate,10,24,Stainless Steel,Yes,Inorganic zinc Self-cure Solvent base,High-built Polyamide Epoxy,High-build Polyamide Epoxy,Aliphatic Polyurethane Final coat,No,Marine,Negligible,Negligible
MMA-P02-R02,Bolted skid,Yes,Methyl Methacrylate,10,24,Stainless Steel,Yes,Inorganic zinc Self-cure Solvent base,High-built Polyamide Epoxy,High-build Polyamide Epoxy,Aliphatic Polyurethane Final coat,No,Marine,Negligible,Negligible
MMA-P02-R03,Pipework resting on beam,Yes,Methyl Methacrylate,10,24,Stainless Steel,Yes,Inorganic zinc Self-cure Solvent base,High-built Polyamide Epoxy,High-build Polyamide Epoxy,Aliphatic Polyurethane Final coat,No,Marine,Negligible,Negligible
MMA-P02-R04,Bolted skid,Yes,Methyl Methacrylate,10,24,Stainless Steel,Yes,Inorganic zinc Self-cure Solvent base,High-built Polyamide Epoxy,High-build Polyamide Epoxy,Aliphatic Polyurethane Final coat,No,Marine,Negligible,Negligible
MMA-P02-R05,Bolted skid,Yes,Methyl Methacrylate,10,24,Stainless Steel,Yes,Inorganic zinc Self-cure Solvent base,High-built Polyamide Epoxy,High-build Polyamide Epoxy,Aliphatic Polyurethane Final coat,No,Marine,Negligible,Negligible
MMA-P03-R01,Bolted skid,Yes,Methyl Methacrylate,10,24,Stainless Steel,Yes,Inorganic zinc Self-cure Solvent base,High-built Polyamide Epoxy,High-build Polyamide Epoxy,Aliphatic Polyurethane Final coat,No,Marine,Negligible,Negligible
MMA-P03-R02,Bolted skid,Yes,Methyl Methacrylate,10,24,Stainless Steel,Yes,Inorganic zinc Self-cure Solvent base,High-built Polyamide Epoxy,High-build Polyamide Epoxy,Aliphatic Polyurethane Final coat,No,Marine,Negligible,Negligible
MMA-P03-R03,Bolted skid,Yes,Methyl Methacrylate,10,24,Stainless Steel,Yes,Inorganic zinc Self-cure Solvent base,High-built Polyamide Epoxy,High-build Polyamide Epoxy,Aliphatic Polyurethane Final coat,No,Marine,Negligible,Negligible
MMA-P03-R04,Bolted skid,Yes,Methyl Methacrylate,10,24,Stainless Steel,Yes,Inorganic zinc Self-cure Solvent base,High-built Polyamide Epoxy,High-build Polyamide Epoxy,Aliphatic Polyurethane Final coat,No,Marine,Negligible,Negligible
MMA-P03-R05,Bolted skid,Yes,Methyl Methacrylate,10,24,Stainless Steel,Yes,Inorganic zinc Self-cure Solvent base,High-built Polyamide Epoxy,High-build Polyamide Epoxy,Aliphatic Polyurethane Final coat,No,Marine,Negligible,Negligible
MMA-P04-R01,Bolted skid,Yes,Methyl Methacrylate,10,24,Stainless Steel,Yes,Inorganic zinc Self-cure Solvent base,High-built Polyamide Epoxy,High-build Polyamide Epoxy,Aliphatic Polyurethane Final coat,No,Marine,Negligible,Negligible
MMA-P04-R02,Bolted skid,Yes,Methyl Methacrylate,10,24,Stainless Steel,Yes,Inorganic zinc Self-cure Solvent base,High-built Polyamide Epoxy,High-build Polyamide Epoxy,Aliphatic Polyurethane Final coat,No,Marine,Negligible,Negligible
MMA-P04-R03,Bolted skid,Yes,Methyl Methacrylate,10,24,Stainless Steel,Yes,Inorganic zinc Self-cure Solvent base,High-built Polyamide Epoxy,High-build Polyamide Epoxy,Aliphatic Polyurethane Final coat,No,Marine,Negligible,Negligible
MMA-P04-R04,Bolted skid,Yes,Methyl Methacrylate,10,24,Stainless Steel,Yes,Inorganic zinc Self-cure Solvent base,High-built Polyamide Epoxy,High-build Polyamide Epoxy,Aliphatic Polyurethane Final coat,No,Marine,Negligible,Negligible
MMA-P04-R05,Bolted skid,Yes,Methyl Methacrylate,10,24,Stainless Steel,Yes,Inorganic zinc Self-cure Solvent base,High-built Polyamide Epoxy,High-build Polyamide Epoxy,Aliphatic Polyurethane Final coat,No,Marine,Negligible,Negligible
Propylene-P01-R01,Guide,No,Propylene,26,36,Carbon Steel,Yes,Inorganic zinc Self-cure Solvent base,High-built Polyamide Epoxy,High-build Polyamide Epoxy,Aliphatic Polyurethane Final coat,No,Marine,Negligible,Negligible
Propylene-P01-R02,Guide,No,Propylene,26,36,Carbon Steel,Yes,Inorganic zinc Self-cure Solvent base,High-built Polyamide Epoxy,High-build Polyamide Epoxy,Aliphatic Polyurethane Final coat,No,Marine,Negligible,Negligible
Propylene-P01-R03,Pipework resting on beam,No,Propylene,26,36,Carbon Steel,Yes,Inorganic zinc Self-cure Solvent base,High-built Polyamide Epoxy,High-build Polyamide Epoxy,Aliphatic Polyurethane Final coat,No,Marine,Negligible,Negligible
Propylene-P01-R04,Guide,No,Propylene,26,36,Carbon Steel,Yes,Inorganic zinc Self-cure Solvent base,High-built Polyamide Epoxy,High-build Polyamide Epoxy,Aliphatic Polyurethane Final coat,No,Marine,Negligible,Negligible
Propylene-P01-R05,Pipework resting on beam,No,Propylene,26,36,Carbon Steel,Yes,Inorganic zinc Self-cure Solvent base,High-built Polyamide Epoxy,High-build Polyamide Epoxy,Aliphatic Polyurethane Final coat,No,Marine,Negligible,Negligible
Propylene-P02-R01,Guide,No,Propylene,26,36,Carbon Steel,Yes,Inorganic zinc Self-cure Solvent base,High-built Polyamide Epoxy,High-build Polyamide Epoxy,Aliphatic Polyurethane Final coat,No,Marine,Negligible,Negligible
Propylene-P02-R02,Pipework resting on beam,No,Propylene,26,36,Carbon Steel,Yes,Inorganic zinc Self-cure Solvent base,High-built Polyamide Epoxy,High-build Polyamide Epoxy,Aliphatic Polyurethane Final coat,No,Marine,Negligible,Negligible
Propylene-P02-R03,Guide,No,Propylene,26,36,Carbon Steel,Yes,Inorganic zinc Self-cure Solvent base,High-built Polyamide Epoxy,High-build Polyamide Epoxy,Aliphatic Polyurethane Final coat,No,Marine,Negligible,Negligible
Propylene-P02-R04,Guide,No,Propylene,26,36,Carbon Steel,Yes,Inorganic zinc Self-cure Solvent base,High-built Polyamide Epoxy,High-build Polyamide Epoxy,Aliphatic Polyurethane Final coat,No,Marine,Negligible,Negligible
Propylene-P03-R01,Guide,No,Propylene,26,36,Carbon Steel,Yes,Inorganic zinc Self-cure Solvent base,High-built Polyamide Epoxy,High-build Polyamide Epoxy,Aliphatic Polyurethane Final coat,No,Marine,Negligible,Negligible
Propylene-P03-R02,Guide,No,Propylene,26,36,Carbon Steel,Yes,Inorganic zinc Self-cure Solvent base,High-built Polyamide Epoxy,High-build Polyamide Epoxy,Aliphatic Polyurethane Final coat,No,Marine,Negligible,Negligible
Propylene-P03-R03,Pipework resting on beam,No,Propylene,26,36,Carbon Steel,Yes,Inorganic zinc Self-cure Solvent base,High-built Polyamide Epoxy,High-build Polyamide Epoxy,Aliphatic Polyurethane Final coat,No,Marine,Negligible,Negligible
Propylene-P03-R04,Pipework resting on beam,No,Propylene,26,36,Carbon Steel,Yes,Inorganic zinc Self-cure Solvent base,High-built Polyamide Epoxy,High-build Polyamide Epoxy,Aliphatic Polyurethane Final coat,No,Marine,Negligible,Negligible
Propylene-P03-R05,Guide,No,Propylene,26,36,Carbon Steel,Yes,Inorganic zinc Self-cure Solvent base,High-built Polyamide Epoxy,High-build Polyamide Epoxy,Aliphatic Polyurethane Final coat,No,Marine,Negligible,Negligible
Propylene-P04-R01,Guide,No,Propylene,26,36,Carbon Steel,Yes,Inorganic zinc Self-cure Solvent base,High-built Polyamide Epoxy,High-build Polyamide Epoxy,Aliphatic Polyurethane Final coat,No,Marine,Negligible,Negligible
Propylene-P04-R02,Guide,No,Propylene,26,36,Carbon Steel,Yes,Inorganic zinc Self-cure Solvent base,High-built Polyamide Epoxy,High-build Polyamide Epoxy,Aliphatic Polyurethane Final coat,No,Marine,Negligible,Negligible
Propylene-P04-R03,Guide,No,Propylene,26,36,Carbon Steel,Yes,Inorganic zinc Self-cure Solvent base,High-built Polyamide Epoxy,High-build Polyamide Epoxy,Aliphatic Polyurethane Final coat,No,Marine,Negligible,Negligible
Propylene-P04-R04,Pipework resting on beam,No,Propylene,26,36,Carbon Steel,Yes,Inorganic zinc Self-cure Solvent base,High-built Polyamide Epoxy,High-build Polyamide Epoxy,Aliphatic Polyurethane Final coat,No,Marine,Negligible,Negligible
Propylene-P04-R05,Guide,No,Propylene,26,36,Carbon Steel,Yes,Inorganic zinc Self-cure Solvent base,High-built Polyamide Epoxy,High-build Polyamide Epoxy,Aliphatic Polyurethane Final coat,No,Marine,Negligible,Negligible
Solvent-P01-R01,Pipework resting on beam,No,Hexane,35,35,Carbon Steel,Yes,Inorganic zinc Self-cure Solvent base,High-built Polyamide Epoxy,High-build Polyamide Epoxy,Aliphatic Polyurethane Final coat,No,Marine,Negligible,Negligible
Solvent-P01-R02,Guide,No,Hexane,35,35,Carbon Steel,Yes,Inorganic zinc Self-cure Solvent base,High-built Polyamide Epoxy,High-build Polyamide Epoxy,Aliphatic Polyurethane Final coat,No,Marine,Negligible,Negligible
Solvent-P01-R03,Pipework resting on beam,No,Hexane,35,35,Carbon Steel,Yes,Inorganic zinc Self-cure Solvent base,High-built Polyamide Epoxy,High-build Polyamide Epoxy,Aliphatic Polyurethane Final coat,No,Marine,Negligible,Negligible
Solvent-P01-R04,Guide,No,Hexane,35,35,Carbon Steel,Yes,Inorganic zinc Self-cure Solvent base,High-built Polyamide Epoxy,High-build Polyamide Epoxy,Aliphatic Polyurethane Final coat,No,Marine,Negligible,Negligible
Solvent-P01-R05,Pipework resting on beam,No,Hexane,35,35,Carbon Steel,Yes,Inorganic zinc Self-cure Solvent base,High-built Polyamide Epoxy,High-build Polyamide Epoxy,Aliphatic Polyurethane Final coat,No,Marine,Negligible,Negligible
Solvent-P02-R01,Pipework resting on beam,No,Hexane,35,35,Carbon Steel,Yes,Inorganic zinc Self-cure Solvent base,High-built Polyamide Epoxy,High-build Polyamide Epoxy,Aliphatic Polyurethane Final coat,No,Marine,Negligible,Negligible
Solvent-P02-R02,Guide,No,Hexane,35,35,Carbon Steel,Yes,Inorganic zinc Self-cure Solvent base,High-built Polyamide Epoxy,High-build Polyamide Epoxy,Aliphatic Polyurethane Final coat,No,Marine,Negligible,Negligible
Solvent-P02-R03,Guide,No,Hexane,35,35,Carbon Steel,Yes,Inorganic zinc Self-cure Solvent base,High-built Polyamide Epoxy,High-build Polyamide Epoxy,Aliphatic Polyurethane Final coat,No,Marine,Negligible,Negligible
Solvent-P02-R04,Pipework resting on beam,No,Hexane,35,35,Carbon Steel,Yes,Inorganic zinc Self-cure Solvent base,High-built Polyamide Epoxy,High-build Polyamide Epoxy,Aliphatic Polyurethane Final coat,No,Marine,Negligible,Negligible
Solvent-P03-R01,Pipework resting on beam,No,Hexane,35,35,Carbon Steel,Yes,Inorganic zinc Self-cure Solvent base,High-built Polyamide Epoxy,High-build Polyamide Epoxy,Aliphatic Polyurethane Final coat,No,Marine,Negligible,Negligible
Solvent-P03-R02,Guide,No,Hexane,35,35,Carbon Steel,Yes,Inorganic zinc Self-cure Solvent base,High-built Polyamide Epoxy,High-build Polyamide Epoxy,Aliphatic Polyurethane Final coat,No,Marine,Negligible,Negligible
Solvent-P03-R03,Saddle support+guide,No,Hexane,35,35,Carbon Steel,Yes,Inorganic zinc Self-cure Solvent base,High-built Polyamide Epoxy,High-build Polyamide Epoxy,Aliphatic Polyurethane Final coat,No,Marine,Negligible,Negligible
Solvent-P03-R04,Pipework resting on beam,No,Hexane,35,35,Carbon Steel,Yes,Inorganic zinc Self-cure Solvent base,High-built Polyamide Epoxy,High-build Polyamide Epoxy,Aliphatic Polyurethane Final coat,No,Marine,Negligible,Negligible
Solvent-P03-R05,Guide,No,Hexane,35,35,Carbon Steel,Yes,Inorganic zinc Self-cure Solvent base,High-built Polyamide Epoxy,High-build Polyamide Epoxy,Aliphatic Polyurethane Final coat,No,Marine,Negligible,Negligible
Solvent-P04-R01,Pipework resting on beam,No,Hexane,35,35,Carbon Steel,Yes,Inorganic zinc Self-cure Solvent base,High-built Polyamide Epoxy,High-build Polyamide Epoxy,Aliphatic Polyurethane Final coat,No,Marine,Negligible,Negligible
Solvent-P04-R02,Pipework resting on beam,No,Hexane,35,35,Carbon Steel,Yes,Inorganic zinc Self-cure Solvent base,High-built Polyamide Epoxy,High-build Polyamide Epoxy,Aliphatic Polyurethane Final coat,No,Marine,Negligible,Negligible
Solvent-P04-R03,Pipework resting on beam,No,Hexane,35,35,Carbon Steel,Yes,Inorganic zinc Self-cure Solvent base,High-built Polyamide Epoxy,High-build Polyamide Epoxy,Aliphatic Polyurethane Final coat,No,Marine,Negligible,Negligible
Solvent-P04-R04,Pipework resting on beam,No,Hexane,35,35,Carbon Steel,Yes,Inorganic zinc Self-cure Solvent base,High-built Polyamide Epoxy,High-build Polyamide Epoxy,Aliphatic Polyurethane Final coat,No,Marine,Negligible,Negligible
Solvent-P04-R05,Pipework resting on beam,No,Hexane,35,35,Carbon Steel,Yes,Inorganic zinc Self-cure Solvent base,High-built Polyamide Epoxy,High-build Polyamide Epoxy,Aliphatic Polyurethane Final coat,No,Marine,Negligible,Negligible
Sulfuric-P01-R01,Saddle support,No,Sulfuric acid,36,36,Stainless Steel,Yes,Inorganic zinc Self-cure Solvent base,High-built Polyamide Epoxy,High-build Polyamide Epoxy,Aliphatic Polyurethane Final coat,No,Marine,Negligible,Negligible
Sulfuric-P01-R02,Saddle support,No,Sulfuric acid,36,36,Stainless Steel,Yes,Inorganic zinc Self-cure Solvent base,High-built Polyamide Epoxy,High-build Polyamide Epoxy,Aliphatic Polyurethane Final coat,No,Marine,Negligible,Negligible
Sulfuric-P01-R03,Saddle support,No,Sulfuric acid,36,36,Stainless Steel,Yes,Inorganic zinc Self-cure Solvent base,High-built Polyamide Epoxy,High-build Polyamide Epoxy,Aliphatic Polyurethane Final coat,No,Marine,Negligible,Negligible
Sulfuric-P01-R04,Saddle support,No,Sulfuric acid,36,36,Stainless Steel,Yes,Inorganic zinc Self-cure Solvent base,High-built Polyamide Epoxy,High-build Polyamide Epoxy,Aliphatic Polyurethane Final coat,No,Marine,Negligible,Negligible
Sulfuric-P01-R05,Saddle support,No,Sulfuric acid,36,36,Stainless Steel,Yes,Inorganic zinc Self-cure Solvent base,High-built Polyamide Epoxy,High-build Polyamide Epoxy,Aliphatic Polyurethane Final coat,No,Marine,Negligible,Negligible
Sulfuric-P02-R01,Saddle support,No,Sulfuric acid,36,36,Stainless Steel,Yes,Inorganic zinc Self-cure Solvent base,High-built Polyamide Epoxy,High-build Polyamide Epoxy,Aliphatic Polyurethane Final coat,No,Marine,Negligible,Negligible
Sulfuric-P02-R02,Saddle support,No,Sulfuric acid,36,36,Stainless Steel,Yes,Inorganic zinc Self-cure Solvent base,High-built Polyamide Epoxy,High-build Polyamide Epoxy,Aliphatic Polyurethane Final coat,No,Marine,Negligible,Negligible
Sulfuric-P02-R03,Saddle support,No,Sulfuric acid,36,36,Stainless Steel,Yes,Inorganic zinc Self-cure Solvent base,High-built Polyamide Epoxy,High-build Polyamide Epoxy,Aliphatic Polyurethane Final coat,No,Marine,Negligible,Negligible
Sulfuric-P02-R04,Saddle support,No,Sulfuric acid,36,36,Stainless Steel,Yes,Inorganic zinc Self-cure Solvent base,High-built Polyamide Epoxy,High-build Polyamide Epoxy,Aliphatic Polyurethane Final coat,No,Marine,Negligible,Negligible
Sulfuric-P02-R05,Saddle support,No,Sulfuric acid,36,36,Stainless Steel,Yes,Inorganic zinc Self-cure Solvent base,High-built Polyamide Epoxy,High-build Polyamide Epoxy,Aliphatic Polyurethane Final coat,No,Marine,Negligible,Negligible
Sulfuric-P03-R01,Welded skid,No,Sulfuric acid,36,36,Stainless Steel,Yes,Inorganic zinc Self-cure Solvent base,High-built Polyamide Epoxy,High-build Polyamide Epoxy,Aliphatic Polyurethane Final coat,No,Marine,Negligible,Negligible
Sulfuric-P03-R02,Welded skid,No,Sulfuric acid,36,36,Stainless Steel,Yes,Inorganic zinc Self-cure Solvent base,High-built Polyamide Epoxy,High-build Polyamide Epoxy,Aliphatic Polyurethane Final coat,No,Marine,Negligible,Negligible
Sulfuric-P03-R03,Welded skid,No,Sulfuric acid,36,36,Stainless Steel,Yes,Inorganic zinc Self-cure Solvent base,High-built Polyamide Epoxy,High-build Polyamide Epoxy,Aliphatic Polyurethane Final coat,No,Marine,Negligible,Negligible
Sulfuric-P03-R04,Welded skid,No,Sulfuric acid,36,36,Stainless Steel,Yes,Inorganic zinc Self-cure Solvent base,High-built Polyamide Epoxy,High-build Polyamide Epoxy,Aliphatic Polyurethane Final coat,No,Marine,Negligible,Negligible
Sulfuric-P03-R05,Welded skid,No,Sulfuric acid,36,36,Stainless Steel,Yes,Inorganic zinc Self-cure Solvent base,High-built Polyamide Epoxy,High-build Polyamide Epoxy,Aliphatic Polyurethane Final coat,No,Marine,Negligible,Negligible
Sulfuric-P04-R01,Welded skid,No,Sulfuric acid,36,36,Stainless Steel,Yes,Inorganic zinc Self-cure Solvent base,High-built Polyamide Epoxy,High-build Polyamide Epoxy,Aliphatic Polyurethane Final coat,No,Marine,Negligible,Negligible
Sulfuric-P04-R02,Welded skid,No,Sulfuric acid,36,36,Stainless Steel,Yes,Inorganic zinc Self-cure Solvent base,High-built Polyamide Epoxy,High-build Polyamide Epoxy,Aliphatic Polyurethane Final coat,No,Marine,Negligible,Negligible
Sulfuric-P04-R03,Welded skid,No,Sulfuric acid,36,36,Stainless Steel,Yes,Inorganic zinc Self-cure Solvent base,High-built Polyamide Epoxy,High-build Polyamide Epoxy,Aliphatic Polyurethane Final coat,No,Marine,Negligible,Negligible
Sulfuric-P04-R04,Welded skid,No,Sulfuric acid,36,36,Stainless Steel,Yes,Inorganic zinc Self-cure Solvent base,High-built Polyamide Epoxy,High-build Polyamide Epoxy,Aliphatic Polyurethane Final coat,No,Marine,Negligible,Negligible
Sulfuric-P04-R05,Welded skid,No,Sulfuric acid,36,36,Stainless Steel,Yes,Inorganic zinc Self-cure Solvent base,High-built Polyamide Epoxy,High-build Polyamide Epoxy,Aliphatic Polyurethane Final coat,No,Marine,Negligible,Negligible
Ammonia-P05-R01,Guide,No,Ammonia,-30,35,Carbon Steel,Yes,Inorganic zinc Self-cure Solvent base,High-built Polyamide Epoxy,High-build Polyamide Epoxy,Aliphatic Polyurethane Final coat,No,Marine,Negligible,Negligible
Ammonia-P05-R02,Pipework resting on beam,No,Ammonia,-30,35,Carbon Steel,Yes,Inorganic zinc Self-cure Solvent base,High-built Polyamide Epoxy,High-build Polyamide Epoxy,Aliphatic Polyurethane Final coat,No,Marine,Low,Negligible
Ammonia-P05-R03,Guide,No,Ammonia,-30,35,Carbon Steel,Yes,Inorganic zinc Self-cure Solvent base,High-built Polyamide Epoxy,High-build Polyamide Epoxy,Aliphatic Polyurethane Final coat,No,Marine,Low,Negligible
Ammonia-P05-R04,Pipework resting on beam,No,Ammonia,-30,35,Carbon Steel,Yes,Inorganic zinc Self-cure Solvent base,High-built Polyamide Epoxy,High-build Polyamide Epoxy,Aliphatic Polyurethane Final coat,No,Marine,Low,Negligible
Ammonia-P05-R05,Guide,No,Ammonia,-30,35,Carbon Steel,Yes,Inorganic zinc Self-cure Solvent base,High-built Polyamide Epoxy,High-build Polyamide Epoxy,Aliphatic Polyurethane Final coat,No,Marine,Low,Negligible
Ammonia-P06-R01,Saddle support,No,Ammonia,-30,35,Carbon Steel,Yes,Inorganic zinc Self-cure Solvent base,High-built Polyamide Epoxy,High-build Polyamide Epoxy,Aliphatic Polyurethane Final coat,No,Marine,Negligible,Negligible
Ammonia-P06-R02,Saddle support+shoe,No,Ammonia,-30,35,Carbon Steel,Yes,Inorganic zinc Self-cure Solvent base,High-built Polyamide Epoxy,High-build Polyamide Epoxy,Aliphatic Polyurethane Final coat,No,Marine,Negligible,Negligible
Ammonia-P06-R03,Saddle support,No,Ammonia,-30,35,Carbon Steel,Yes,Inorganic zinc Self-cure Solvent base,High-built Polyamide Epoxy,High-build Polyamide Epoxy,Aliphatic Polyurethane Final coat,No,Marine,Negligible,Negligible
Ammonia-P06-R04,Saddle support+shoe,No,Ammonia,-30,35,Carbon Steel,Yes,Inorganic zinc Self-cure Solvent base,High-built Polyamide Epoxy,High-build Polyamide Epoxy,Aliphatic Polyurethane Final coat,No,Marine,Negligible,Negligible
Ammonia-P06-R05,Saddle support+shoe,No,Ammonia,-30,35,Carbon Steel,Yes,Inorganic zinc Self-cure Solvent base,High-built Polyamide Epoxy,High-build Polyamide Epoxy,Aliphatic Polyurethane Final coat,No,Marine,Negligible,Negligible
Ammonia-P07-R01,Saddle support+shoe,No,Ammonia,-30,35,Carbon Steel,Yes,Inorganic zinc Self-cure Solvent base,High-built Polyamide Epoxy,High-build Polyamide Epoxy,Aliphatic Polyurethane Final coat,No,Marine,Negligible,Negligible
Ammonia-P07-R02,Saddle support,No,Ammonia,-30,35,Carbon Steel,Yes,Inorganic zinc Self-cure Solvent base,High-built Polyamide Epoxy,High-build Polyamide Epoxy,Aliphatic Polyurethane Final coat,No,Marine,Negligible,Negligible
Ammonia-P07-R03,Saddle support,No,Ammonia,-30,35,Carbon Steel,Yes,Inorganic zinc Self-cure Solvent base,High-built Polyamide Epoxy,High-build Polyamide Epoxy,Aliphatic Polyurethane Final coat,No,Marine,Negligible,Negligible
Ammonia-P07-R04,Saddle support+shoe,No,Ammonia,-30,35,Carbon Steel,Yes,Inorganic zinc Self-cure Solvent base,High-built Polyamide Epoxy,High-build Polyamide Epoxy,Aliphatic Polyurethane Final coat,No,Marine,Negligible,Negligible
Ammonia-P07-R05,Saddle support,No,Ammonia,-30,35,Carbon Steel,Yes,Inorganic zinc Self-cure Solvent base,High-built Polyamide Epoxy,High-build Polyamide Epoxy,Aliphatic Polyurethane Final coat,No,Marine,Negligible,Negligible
Ammonia-P08-R01,Saddle support+shoe,No,Ammonia,-30,35,Carbon Steel,Yes,Inorganic zinc Self-cure Solvent base,High-built Polyamide Epoxy,High-build Polyamide Epoxy,Aliphatic Polyurethane Final coat,No,Marine,Negligible,Negligible
Ammonia-P08-R02,Saddle support,No,Ammonia,-30,35,Carbon Steel,Yes,Inorganic zinc Self-cure Solvent base,High-built Polyamide Epoxy,High-build Polyamide Epoxy,Aliphatic Polyurethane Final coat,No,Marine,Negligible,Negligible
Ammonia-P08-R03,Saddle support,No,Ammonia,-30,35,Carbon Steel,Yes,Inorganic zinc Self-cure Solvent base,High-built Polyamide Epoxy,High-build Polyamide Epoxy,Aliphatic Polyurethane Final coat,No,Marine,Negligible,Negligible
Ammonia-P08-R04,Saddle support+shoe,No,Ammonia,-30,35,Carbon Steel,Yes,Inorganic zinc Self-cure Solvent base,High-built Polyamide Epoxy,High-build Polyamide Epoxy,Aliphatic Polyurethane Final coat,No,Marine,Negligible,Negligible
Ammonia-P08-R05,Saddle support,No,Ammonia,-30,35,Carbon Steel,Yes,Inorganic zinc Self-cure Solvent base,High-built Polyamide Epoxy,High-build Polyamide Epoxy,Aliphatic Polyurethane Final coat,No,Marine,Negligible,Negligible
AN-P05-R01,Bolted skid,Yes,Acrylonitrile,15,19,Carbon Steel,Yes,Inorganic zinc Self-cure Solvent base,High-built Polyamide Epoxy,High-build Polyamide Epoxy,Aliphatic Polyurethane Final coat,No,Marine,Negligible,Negligible
AN-P05-R02,Bolted skid,Yes,Acrylonitrile,15,19,Carbon Steel,Yes,Inorganic zinc Self-cure Solvent base,High-built Polyamide Epoxy,High-build Polyamide Epoxy,Aliphatic Polyurethane Final coat,No,Marine,Negligible,Negligible
AN-P05-R03,Bolted skid,Yes,Acrylonitrile,15,19,Carbon Steel,Yes,Inorganic zinc Self-cure Solvent base,High-built Polyamide Epoxy,High-build Polyamide Epoxy,Aliphatic Polyurethane Final coat,No,Marine,Negligible,Negligible
AN-P05-R04,Bolted skid,Yes,Acrylonitrile,15,19,Carbon Steel,Yes,Inorganic zinc Self-cure Solvent base,High-built Polyamide Epoxy,High-build Polyamide Epoxy,Aliphatic Polyurethane Final coat,No,Marine,Negligible,Negligible
AN-P05-R05,Bolted skid,Yes,Acrylonitrile,15,19,Carbon Steel,Yes,Inorganic zinc Self-cure Solvent base,High-built Polyamide Epoxy,High-build Polyamide Epoxy,Aliphatic Polyurethane Final coat,No,Marine,Negligible,Negligible
AN-P06-R01,Bolted skid,Yes,Acrylonitrile,15,19,Carbon Steel,Yes,Inorganic zinc Self-cure Solvent base,High-built Polyamide Epoxy,High-build Polyamide Epoxy,Aliphatic Polyurethane Final coat,No,Marine,Negligible,Negligible
AN-P06-R02,Bolted skid,Yes,Acrylonitrile,15,19,Carbon Steel,Yes,Inorganic zinc Self-cure Solvent base,High-built Polyamide Epoxy,High-build Polyamide Epoxy,Aliphatic Polyurethane Final coat,No,Marine,Negligible,Negligible
AN-P06-R03,Bolted skid,Yes,Acrylonitrile,15,19,Carbon Steel,Yes,Inorganic zinc Self-cure Solvent base,High-built Polyamide Epoxy,High-build Polyamide Epoxy,Aliphatic Polyurethane Final coat,No,Marine,Negligible,Negligible
AN-P06-R04,Bolted skid,Yes,Acrylonitrile,15,19,Carbon Steel,Yes,Inorganic zinc Self-cure Solvent base,High-built Polyamide Epoxy,High-build Polyamide Epoxy,Aliphatic Polyurethane Final coat,No,Marine,Negligible,Negligible
AN-P06-R05,Bolted skid,Yes,Acrylonitrile,15,19,Carbon Steel,Yes,Inorganic zinc Self-cure Solvent base,High-built Polyamide Epoxy,High-build Polyamide Epoxy,Aliphatic Polyurethane Final coat,No,Marine,Negligible,Negligible
AN-P07-R01,Bolted skid,Yes,Acrylonitrile,15,19,Carbon Steel,Yes,Inorganic zinc Self-cure Solvent base,High-built Polyamide Epoxy,High-build Polyamide Epoxy,Aliphatic Polyurethane Final coat,No,Marine,Negligible,Negligible
AN-P07-R02,Bolted skid,Yes,Acrylonitrile,15,19,Carbon Steel,Yes,Inorganic zinc Self-cure Solvent base,High-built Polyamide Epoxy,High-build Polyamide Epoxy,Aliphatic Polyurethane Final coat,No,Marine,Negligible,Negligible
AN-P07-R03,Bolted skid,Yes,Acrylonitrile,15,19,Carbon Steel,Yes,Inorganic zinc Self-cure Solvent base,High-built Polyamide Epoxy,High-build Polyamide Epoxy,Aliphatic Polyurethane Final coat,No,Marine,Negligible,Negligible
AN-P07-R04,Bolted skid,Yes,Acrylonitrile,15,19,Carbon Steel,Yes,Inorganic zinc Self-cure Solvent base,High-built Polyamide Epoxy,High-build Polyamide Epoxy,Aliphatic Polyurethane Final coat,No,Marine,Negligible,Negligible
AN-P07-R05,Bolted skid,Yes,Acrylonitrile,15,19,Carbon Steel,Yes,Inorganic zinc Self-cure Solvent base,High-built Polyamide Epoxy,High-build Polyamide Epoxy,Aliphatic Polyurethane Final coat,No,Marine,Negligible,Negligible
AN-P08-R01,Bolted skid,Yes,Acrylonitrile,15,19,Carbon Steel,Yes,Inorganic zinc Self-cure Solvent base,High-built Polyamide Epoxy,High-build Polyamide Epoxy,Aliphatic Polyurethane Final coat,No,Marine,Negligible,Negligible
AN-P08-R02,Bolted skid,Yes,Acrylonitrile,15,19,Carbon Steel,Yes,Inorganic zinc Self-cure Solvent base,High-built Polyamide Epoxy,High-build Polyamide Epoxy,Aliphatic Polyurethane Final coat,No,Marine,Negligible,Negligible
AN-P08-R03,Bolted skid,Yes,Acrylonitrile,15,19,Carbon Steel,Yes,Inorganic zinc Self-cure Solvent base,High-built Polyamide Epoxy,High-build Polyamide Epoxy,Aliphatic Polyurethane Final coat,No,Marine,Negligible,Negligible
AN-P08-R04,Bolted skid,Yes,Acrylonitrile,15,19,Carbon Steel,Yes,Inorganic zinc Self-cure Solvent base,High-built Polyamide Epoxy,High-build Polyamide Epoxy,Aliphatic Polyurethane Final coat,No,Marine,Negligible,Negligible
AN-P08-R05,Bolted skid,Yes,Acrylonitrile,15,19,Carbon Steel,Yes,Inorganic zinc Self-cure Solvent base,High-built Polyamide Epoxy,High-build Polyamide Epoxy,Aliphatic Polyurethane Final coat,No,Marine,Negligible,Negligible
LPG-P05-R01,Guide,No,Liquefied Petroleum Gas,15,27,Carbon Steel,Yes,Inorganic zinc Self-cure Solvent base,High-built Polyamide Epoxy,High-build Polyamide Epoxy,Aliphatic Polyurethane Final coat,No,Marine,Low,Negligible
LPG-P05-R02,Pipework resting on beam,No,Liquefied Petroleum Gas,15,27,Carbon Steel,Yes,Inorganic zinc Self-cure Solvent base,High-built Polyamide Epoxy,High-build Polyamide Epoxy,Aliphatic Polyurethane Final coat,No,Marine,Low,Negligible
LPG-P05-R03,Guide,No,Liquefied Petroleum Gas,15,27,Carbon Steel,Yes,Inorganic zinc Self-cure Solvent base,High-built Polyamide Epoxy,High-build Polyamide Epoxy,Aliphatic Polyurethane Final coat,No,Marine,Low,Negligible
LPG-P05-R04,Pipework resting on beam,No,Liquefied Petroleum Gas,15,27,Carbon Steel,Yes,Inorganic zinc Self-cure Solvent base,High-built Polyamide Epoxy,High-build Polyamide Epoxy,Aliphatic Polyurethane Final coat,No,Marine,Low,Negligible
LPG-P05-R05,Guide,No,Liquefied Petroleum Gas,15,27,Carbon Steel,Yes,Inorganic zinc Self-cure Solvent base,High-built Polyamide Epoxy,High-build Polyamide Epoxy,Aliphatic Polyurethane Final coat,No,Marine,Low,Negligible
LPG-P06-R01,Saddle support+guide,No,Liquefied Petroleum Gas,15,27,Carbon Steel,Yes,Inorganic zinc Self-cure Solvent base,High-built Polyamide Epoxy,High-build Polyamide Epoxy,Aliphatic Polyurethane Final coat,No,Marine,Negligible,Negligible
LPG-P06-R02,Saddle support,No,Liquefied Petroleum Gas,15,27,Carbon Steel,Yes,Inorganic zinc Self-cure Solvent base,High-built Polyamide Epoxy,High-build Polyamide Epoxy,Aliphatic Polyurethane Final coat,No,Marine,Negligible,Negligible
LPG-P06-R03,Saddle support+guide,No,Liquefied Petroleum Gas,15,27,Carbon Steel,Yes,Inorganic zinc Self-cure Solvent base,High-built Polyamide Epoxy,High-build Polyamide Epoxy,Aliphatic Polyurethane Final coat,No,Marine,Negligible,Negligible
LPG-P06-R04,Saddle support,No,Liquefied Petroleum Gas,15,27,Carbon Steel,Yes,Inorganic zinc Self-cure Solvent base,High-built Polyamide Epoxy,High-build Polyamide Epoxy,Aliphatic Polyurethane Final coat,No,Marine,Negligible,Negligible
LPG-P06-R05,Saddle support,No,Liquefied Petroleum Gas,15,27,Carbon Steel,Yes,Inorganic zinc Self-cure Solvent base,High-built Polyamide Epoxy,High-build Polyamide Epoxy,Aliphatic Polyurethane Final coat,No,Marine,Negligible,Negligible
LPG-P07-R01,Saddle support+guide,No,Liquefied Petroleum Gas,15,27,Carbon Steel,Yes,Inorganic zinc Self-cure Solvent base,High-built Polyamide Epoxy,High-build Polyamide Epoxy,Aliphatic Polyurethane Final coat,No,Marine,Negligible,Negligible
LPG-P07-R02,Saddle support+guide,No,Liquefied Petroleum Gas,15,27,Carbon Steel,Yes,Inorganic zinc Self-cure Solvent base,High-built Polyamide Epoxy,High-build Polyamide Epoxy,Aliphatic Polyurethane Final coat,No,Marine,Negligible,Negligible
LPG-P07-R03,Saddle support,No,Liquefied Petroleum Gas,15,27,Carbon Steel,Yes,Inorganic zinc Self-cure Solvent base,High-built Polyamide Epoxy,High-build Polyamide Epoxy,Aliphatic Polyurethane Final coat,No,Marine,Negligible,Negligible
LPG-P07-R04,Saddle support+guide,No,Liquefied Petroleum Gas,15,27,Carbon Steel,Yes,Inorganic zinc Self-cure Solvent base,High-built Polyamide Epoxy,High-build Polyamide Epoxy,Aliphatic Polyurethane Final coat,No,Marine,Negligible,Negligible
LPG-P07-R05,Saddle support,No,Liquefied Petroleum Gas,15,27,Carbon Steel,Yes,Inorganic zinc Self-cure Solvent base,High-built Polyamide Epoxy,High-build Polyamide Epoxy,Aliphatic Polyurethane Final coat,No,Marine,Negligible,Negligible
LPG-P08-R01,Saddle support+guide,No,Liquefied Petroleum Gas,15,27,Carbon Steel,Yes,Inorganic zinc Self-cure Solvent base,High-built Polyamide Epoxy,High-build Polyamide Epoxy,Aliphatic Polyurethane Final coat,No,Marine,Negligible,Negligible
LPG-P08-R02,Saddle support+guide,No,Liquefied Petroleum Gas,15,27,Carbon Steel,Yes,Inorganic zinc Self-cure Solvent base,High-built Polyamide Epoxy,High-build Polyamide Epoxy,Aliphatic Polyurethane Final coat,No,Marine,Negligible,Negligible
LPG-P08-R03,Saddle support,No,Liquefied Petroleum Gas,15,27,Carbon Steel,Yes,Inorganic zinc Self-cure Solvent base,High-built Polyamide Epoxy,High-build Polyamide Epoxy,Aliphatic Polyurethane Final coat,No,Marine,Negligible,Negligible
LPG-P08-R04,Saddle support+guide,No,Liquefied Petroleum Gas,15,27,Carbon Steel,Yes,Inorganic zinc Self-cure Solvent base,High-built Polyamide Epoxy,High-build Polyamide Epoxy,Aliphatic Polyurethane Final coat,No,Marine,Negligible,Negligible
LPG-P08-R05,Saddle support,No,Liquefied Petroleum Gas,15,27,Carbon Steel,Yes,Inorganic zinc Self-cure Solvent base,High-built Polyamide Epoxy,High-build Polyamide Epoxy,Aliphatic Polyurethane Final coat,No,Marine,Negligible,Negligible
MMA-P05-R01,Bolted skid,Yes,Methyl Methacrylate,10,24,Stainless Steel,Yes,Inorganic zinc Self-cure Solvent base,High-built Polyamide Epoxy,High-build Polyamide Epoxy,Aliphatic Polyurethane Final coat,No,Marine,Negligible,Negligible
MMA-P05-R02,Bolted skid,Yes,Methyl Methacrylate,10,24,Stainless Steel,Yes,Inorganic zinc Self-cure Solvent base,High-built Polyamide Epoxy,High-build Polyamide Epoxy,Aliphatic Polyurethane Final coat,No,Marine,Negligible,Negligible
MMA-P05-R03,Bolted skid,Yes,Methyl Methacrylate,10,24,Stainless Steel,Yes,Inorganic zinc Self-cure Solvent base,High-built Polyamide Epoxy,High-build Polyamide Epoxy,Aliphatic Polyurethane Final coat,No,Marine,Negligible,Negligible
MMA-P05-R04,Bolted skid,Yes,Methyl Methacrylate,10,24,Stainless Steel,Yes,Inorganic zinc Self-cure Solvent base,High-built Polyamide Epoxy,High-build Polyamide Epoxy,Aliphatic Polyurethane Final coat,No,Marine,Negligible,Negligible
MMA-P05-R05,Bolted skid,Yes,Methyl Methacrylate,10,24,Stainless Steel,Yes,Inorganic zinc Self-cure Solvent base,High-built Polyamide Epoxy,High-build Polyamide Epoxy,Aliphatic Polyurethane Final coat,No,Marine,Negligible,Negligible
MMA-P06-R01,Bolted skid,Yes,Methyl Methacrylate,10,24,Stainless Steel,Yes,Inorganic zinc Self-cure Solvent base,High-built Polyamide Epoxy,High-build Polyamide Epoxy,Aliphatic Polyurethane Final coat,No,Marine,Negligible,Negligible
MMA-P06-R02,Bolted skid,Yes,Methyl Methacrylate,10,24,Stainless Steel,Yes,Inorganic zinc Self-cure Solvent base,High-built Polyamide Epoxy,High-build Polyamide Epoxy,Aliphatic Polyurethane Final coat,No,Marine,Negligible,Negligible
MMA-P06-R03,Bolted skid,Yes,Methyl Methacrylate,10,24,Stainless Steel,Yes,Inorganic zinc Self-cure Solvent base,High-built Polyamide Epoxy,High-build Polyamide Epoxy,Aliphatic Polyurethane Final coat,No,Marine,Negligible,Negligible
MMA-P06-R04,Bolted skid,Yes,Methyl Methacrylate,10,24,Stainless Steel,Yes,Inorganic zinc Self-cure Solvent base,High-built Polyamide Epoxy,High-build Polyamide Epoxy,Aliphatic Polyurethane Final coat,No,Marine,Negligible,Negligible
MMA-P06-R05,Bolted skid,Yes,Methyl Methacrylate,10,24,Stainless Steel,Yes,Inorganic zinc Self-cure Solvent base,High-built Polyamide Epoxy,High-build Polyamide Epoxy,Aliphatic Polyurethane Final coat,No,Marine,Negligible,Negligible
MMA-P7-R01,Bolted skid,Yes,Methyl Methacrylate,10,24,Stainless Steel,Yes,Inorganic zinc Self-cure Solvent base,High-built Polyamide Epoxy,High-build Polyamide Epoxy,Aliphatic Polyurethane Final coat,No,Marine,Negligible,Negligible
MMA-P07-R02,Bolted skid,Yes,Methyl Methacrylate,10,24,Stainless Steel,Yes,Inorganic zinc Self-cure Solvent base,High-built Polyamide Epoxy,High-build Polyamide Epoxy,Aliphatic Polyurethane Final coat,No,Marine,Negligible,Negligible
MMA-P07-R03,Bolted skid,Yes,Methyl Methacrylate,10,24,Stainless Steel,Yes,Inorganic zinc Self-cure Solvent base,High-built Polyamide Epoxy,High-build Polyamide Epoxy,Aliphatic Polyurethane Final coat,No,Marine,Negligible,Negligible
MMA-P07-R04,Bolted skid,Yes,Methyl Methacrylate,10,24,Stainless Steel,Yes,Inorganic zinc Self-cure Solvent base,High-built Polyamide Epoxy,High-build Polyamide Epoxy,Aliphatic Polyurethane Final coat,No,Marine,Negligible,Negligible
MMA-P07-R05,Bolted skid,Yes,Methyl Methacrylate,10,24,Stainless Steel,Yes,Inorganic zinc Self-cure Solvent base,High-built Polyamide Epoxy,High-build Polyamide Epoxy,Aliphatic Polyurethane Final coat,No,Marine,Negligible,Negligible
MMA-P08-R01,Bolted skid,Yes,Methyl Methacrylate,10,24,Stainless Steel,Yes,Inorganic zinc Self-cure Solvent base,High-built Polyamide Epoxy,High-build Polyamide Epoxy,Aliphatic Polyurethane Final coat,No,Marine,Negligible,Negligible
MMA-P08-R02,Bolted skid,Yes,Methyl Methacrylate,10,24,Stainless Steel,Yes,Inorganic zinc Self-cure Solvent base,High-built Polyamide Epoxy,High-build Polyamide Epoxy,Aliphatic Polyurethane Final coat,No,Marine,Negligible,Negligible
MMA-P08-R03,Bolted skid,Yes,Methyl Methacrylate,10,24,Stainless Steel,Yes,Inorganic zinc Self-cure Solvent base,High-built Polyamide Epoxy,High-build Polyamide Epoxy,Aliphatic Polyurethane Final coat,No,Marine,Negligible,Negligible
MMA-P08-R04,Bolted skid,Yes,Methyl Methacrylate,10,24,Stainless Steel,Yes,Inorganic zinc Self-cure Solvent base,High-built Polyamide Epoxy,High-build Polyamide Epoxy,Aliphatic Polyurethane Final coat,No,Marine,Negligible,Negligible
MMA-P08-R05,Bolted skid,Yes,Methyl Methacrylate,10,24,Stainless Steel,Yes,Inorganic zinc Self-cure Solvent base,High-built Polyamide Epoxy,High-build Polyamide Epoxy,Aliphatic Polyurethane Final coat,No,Marine,Negligible,Negligible
Propylene-P05-R01,Guide,No,Propylene,26,36,Carbon Steel,Yes,Inorganic zinc Self-cure Solvent base,High-built Polyamide Epoxy,High-build Polyamide Epoxy,Aliphatic Polyurethane Final coat,No,Marine,Negligible,Negligible
Propylene-P05-R02,Pipework resting on beam,No,Propylene,26,36,Carbon Steel,Yes,Inorganic zinc Self-cure Solvent base,High-built Polyamide Epoxy,High-build Polyamide Epoxy,Aliphatic Polyurethane Final coat,No,Marine,Low,Negligible
Propylene-P05-R03,Guide,No,Propylene,26,36,Carbon Steel,Yes,Inorganic zinc Self-cure Solvent base,High-built Polyamide Epoxy,High-build Polyamide Epoxy,Aliphatic Polyurethane Final coat,No,Marine,Low,Negligible
Propylene-P05-R04,Pipework resting on beam,No,Propylene,26,36,Carbon Steel,Yes,Inorganic zinc Self-cure Solvent base,High-built Polyamide Epoxy,High-build Polyamide Epoxy,Aliphatic Polyurethane Final coat,No,Marine,Low,Negligible
Propylene-P05-R05,Guide,No,Propylene,26,36,Carbon Steel,Yes,Inorganic zinc Self-cure Solvent base,High-built Polyamide Epoxy,High-build Polyamide Epoxy,Aliphatic Polyurethane Final coat,No,Marine,Negligible,Negligible
Propylene-P06-R01,Saddle support+guide,No,Propylene,26,36,Carbon Steel,Yes,Inorganic zinc Self-cure Solvent base,High-built Polyamide Epoxy,High-build Polyamide Epoxy,Aliphatic Polyurethane Final coat,No,Marine,Negligible,Negligible
Propylene-P06-R02,Saddle support,No,Propylene,26,36,Carbon Steel,Yes,Inorganic zinc Self-cure Solvent base,High-built Polyamide Epoxy,High-build Polyamide Epoxy,Aliphatic Polyurethane Final coat,No,Marine,Negligible,Negligible
Propylene-P06-R03,Saddle support+guide,No,Propylene,26,36,Carbon Steel,Yes,Inorganic zinc Self-cure Solvent base,High-built Polyamide Epoxy,High-build Polyamide Epoxy,Aliphatic Polyurethane Final coat,No,Marine,Negligible,Negligible
Propylene-P06-R04,Saddle support,No,Propylene,26,36,Carbon Steel,Yes,Inorganic zinc Self-cure Solvent base,High-built Polyamide Epoxy,High-build Polyamide Epoxy,Aliphatic Polyurethane Final coat,No,Marine,Negligible,Negligible
Propylene-P06-R05,Saddle support,No,Propylene,26,36,Carbon Steel,Yes,Inorganic zinc Self-cure Solvent base,High-built Polyamide Epoxy,High-build Polyamide Epoxy,Aliphatic Polyurethane Final coat,No,Marine,Negligible,Negligible
Propylene-P07-R01,Saddle support+guide,No,Propylene,26,36,Carbon Steel,Yes,Inorganic zinc Self-cure Solvent base,High-built Polyamide Epoxy,High-build Polyamide Epoxy,Aliphatic Polyurethane Final coat,No,Marine,Negligible,Negligible
Propylene-P07-R02,Saddle support+guide,No,Propylene,26,36,Carbon Steel,Yes,Inorganic zinc Self-cure Solvent base,High-built Polyamide Epoxy,High-build Polyamide Epoxy,Aliphatic Polyurethane Final coat,No,Marine,Negligible,Negligible
Propylene-P07-R03,Saddle support,No,Propylene,26,36,Carbon Steel,Yes,Inorganic zinc Self-cure Solvent base,High-built Polyamide Epoxy,High-build Polyamide Epoxy,Aliphatic Polyurethane Final coat,No,Marine,Negligible,Negligible
Propylene-P07-R04,Saddle support+guide,No,Propylene,26,36,Carbon Steel,Yes,Inorganic zinc Self-cure Solvent base,High-built Polyamide Epoxy,High-build Polyamide Epoxy,Aliphatic Polyurethane Final coat,No,Marine,Negligible,Negligible
Propylene-P07-R05,Saddle support,No,Propylene,26,36,Carbon Steel,Yes,Inorganic zinc Self-cure Solvent base,High-built Polyamide Epoxy,High-build Polyamide Epoxy,Aliphatic Polyurethane Final coat,No,Marine,Negligible,Negligible
Propylene-P08-R01,Saddle support+guide,No,Propylene,26,36,Carbon Steel,Yes,Inorganic zinc Self-cure Solvent base,High-built Polyamide Epoxy,High-build Polyamide Epoxy,Aliphatic Polyurethane Final coat,No,Marine,Negligible,Negligible
Propylene-P08-R02,Saddle support+guide,No,Propylene,26,36,Carbon Steel,Yes,Inorganic zinc Self-cure Solvent base,High-built Polyamide Epoxy,High-build Polyamide Epoxy,Aliphatic Polyurethane Final coat,No,Marine,Negligible,Negligible
Propylene-P08-R03,Saddle support,No,Propylene,26,36,Carbon Steel,Yes,Inorganic zinc Self-cure Solvent base,High-built Polyamide Epoxy,High-build Polyamide Epoxy,Aliphatic Polyurethane Final coat,No,Marine,Negligible,Negligible
Propylene-P08-R04,Saddle support+guide,No,Propylene,26,36,Carbon Steel,Yes,Inorganic zinc Self-cure Solvent base,High-built Polyamide Epoxy,High-build Polyamide Epoxy,Aliphatic Polyurethane Final coat,No,Marine,Negligible,Negligible
Propylene-P08-R05,Saddle support,No,Propylene,26,36,Carbon Steel,Yes,Inorganic zinc Self-cure Solvent base,High-built Polyamide Epoxy,High-build Polyamide Epoxy,Aliphatic Polyurethane Final coat,No,Marine,Negligible,Negligible
Solvent-P05-R01,Guide,No,Hexane,35,35,Carbon Steel,Yes,Inorganic zinc Self-cure Solvent base,High-built Polyamide Epoxy,High-build Polyamide Epoxy,Aliphatic Polyurethane Final coat,No,Marine,Negligible,Negligible
Solvent-P05-R02,Pipework resting on beam,No,Hexane,35,35,Carbon Steel,Yes,Inorganic zinc Self-cure Solvent base,High-built Polyamide Epoxy,High-build Polyamide Epoxy,Aliphatic Polyurethane Final coat,No,Marine,Negligible,Negligible
Solvent-P05-R03,Guide,No,Hexane,35,35,Carbon Steel,Yes,Inorganic zinc Self-cure Solvent base,High-built Polyamide Epoxy,High-build Polyamide Epoxy,Aliphatic Polyurethane Final coat,No,Marine,Negligible,Negligible
Solvent-P05-R04,Pipework resting on beam,No,Hexane,35,35,Carbon Steel,Yes,Inorganic zinc Self-cure Solvent base,High-built Polyamide Epoxy,High-build Polyamide Epoxy,Aliphatic Polyurethane Final coat,No,Marine,Low,Negligible
Solvent-P05-R05,Guide,No,Hexane,35,35,Carbon Steel,Yes,Inorganic zinc Self-cure Solvent base,High-built Polyamide Epoxy,High-build Polyamide Epoxy,Aliphatic Polyurethane Final coat,No,Marine,Negligible,Negligible
Solvent-P06-R01,Guide,No,Hexane,35,35,Carbon Steel,Yes,Inorganic zinc Self-cure Solvent base,High-built Polyamide Epoxy,High-build Polyamide Epoxy,Aliphatic Polyurethane Final coat,No,Marine,Low,Negligible
Solvent-P06-R02,Pipework resting on beam,No,Hexane,35,35,Carbon Steel,Yes,Inorganic zinc Self-cure Solvent base,High-built Polyamide Epoxy,High-build Polyamide Epoxy,Aliphatic Polyurethane Final coat,No,Marine,Low,Negligible
Solvent-P06-R03,Guide,No,Hexane,35,35,Carbon Steel,Yes,Inorganic zinc Self-cure Solvent base,High-built Polyamide Epoxy,High-build Polyamide Epoxy,Aliphatic Polyurethane Final coat,No,Marine,Low,Negligible
Solvent-P06-R04,Pipework resting on beam,No,Hexane,35,35,Carbon Steel,Yes,Inorganic zinc Self-cure Solvent base,High-built Polyamide Epoxy,High-build Polyamide Epoxy,Aliphatic Polyurethane Final coat,No,Marine,Negligible,Negligible
Solvent-P06-R05,Guide,No,Hexane,35,35,Carbon Steel,Yes,Inorganic zinc Self-cure Solvent base,High-built Polyamide Epoxy,High-build Polyamide Epoxy,Aliphatic Polyurethane Final coat,No,Marine,Low,Negligible
Solvent-P07-R01,Guide,No,Hexane,35,35,Carbon Steel,Yes,Inorganic zinc Self-cure Solvent base,High-built Polyamide Epoxy,High-build Polyamide Epoxy,Aliphatic Polyurethane Final coat,No,Marine,Negligible,Negligible
Solvent-P07-R02,Pipework resting on beam,No,Hexane,35,35,Carbon Steel,Yes,Inorganic zinc Self-cure Solvent base,High-built Polyamide Epoxy,High-build Polyamide Epoxy,Aliphatic Polyurethane Final coat,No,Marine,Negligible,Negligible
Solvent-P07-R03,Guide,No,Hexane,35,35,Carbon Steel,Yes,Inorganic zinc Self-cure Solvent base,High-built Polyamide Epoxy,High-build Polyamide Epoxy,Aliphatic Polyurethane Final coat,No,Marine,Low,Negligible
Solvent-P07-R04,Pipework resting on beam,No,Hexane,35,35,Carbon Steel,Yes,Inorganic zinc Self-cure Solvent base,High-built Polyamide Epoxy,High-build Polyamide Epoxy,Aliphatic Polyurethane Final coat,No,Marine,Low,Negligible
Solvent-P07-R05,Guide,No,Hexane,35,35,Carbon Steel,Yes,Inorganic zinc Self-cure Solvent base,High-built Polyamide Epoxy,High-build Polyamide Epoxy,Aliphatic Polyurethane Final coat,No,Marine,Negligible,Negligible
Solvent-P08-R01,Guide,No,Hexane,35,35,Carbon Steel,Yes,Inorganic zinc Self-cure Solvent base,High-built Polyamide Epoxy,High-build Polyamide Epoxy,Aliphatic Polyurethane Final coat,No,Marine,Negligible,Negligible
Solvent-P08-R02,Pipework resting on beam,No,Hexane,35,35,Carbon Steel,Yes,Inorganic zinc Self-cure Solvent base,High-built Polyamide Epoxy,High-build Polyamide Epoxy,Aliphatic Polyurethane Final coat,No,Marine,Negligible,Negligible
Solvent-P08-R03,Guide,No,Hexane,35,35,Carbon Steel,Yes,Inorganic zinc Self-cure Solvent base,High-built Polyamide Epoxy,High-build Polyamide Epoxy,Aliphatic Polyurethane Final coat,No,Marine,Negligible,Negligible
Solvent-P08-R04,Pipework resting on beam,No,Hexane,35,35,Carbon Steel,Yes,Inorganic zinc Self-cure Solvent base,High-built Polyamide Epoxy,High-build Polyamide Epoxy,Aliphatic Polyurethane Final coat,No,Marine,Negligible,Negligible
Solvent-P08-R05,Pipework resting on beam,No,Hexane,35,35,Carbon Steel,Yes,Inorganic zinc Self-cure Solvent base,High-built Polyamide Epoxy,High-build Polyamide Epoxy,Aliphatic Polyurethane Final coat,No,Marine,Negligible,Negligible
Sulfuric-P05-R01,Welded skid,No,Sulfuric acid,36,36,Stainless Steel,Yes,Inorganic zinc Self-cure Solvent base,High-built Polyamide Epoxy,High-build Polyamide Epoxy,Aliphatic Polyurethane Final coat,No,Marine,Negligible,Negligible
Sulfuric-P05-R02,Welded skid,No,Sulfuric acid,36,36,Stainless Steel,Yes,Inorganic zinc Self-cure Solvent base,High-built Polyamide Epoxy,High-build Polyamide Epoxy,Aliphatic Polyurethane Final coat,No,Marine,Negligible,Negligible
Sulfuric-P05-R03,Welded skid,No,Sulfuric acid,36,36,Stainless Steel,Yes,Inorganic zinc Self-cure Solvent base,High-built Polyamide Epoxy,High-build Polyamide Epoxy,Aliphatic Polyurethane Final coat,No,Marine,Negligible,Negligible
Sulfuric-P05-R04,Welded skid,No,Sulfuric acid,36,36,Stainless Steel,Yes,Inorganic zinc Self-cure Solvent base,High-built Polyamide Epoxy,High-build Polyamide Epoxy,Aliphatic Polyurethane Final coat,No,Marine,Negligible,Negligible
Sulfuric-P05-R05,Welded skid,No,Sulfuric acid,36,36,Stainless Steel,Yes,Inorganic zinc Self-cure Solvent base,High-built Polyamide Epoxy,High-build Polyamide Epoxy,Aliphatic Polyurethane Final coat,No,Marine,Negligible,Negligible
Sulfuric-P06-R01,Welded skid,No,Sulfuric acid,36,36,Stainless Steel,Yes,Inorganic zinc Self-cure Solvent base,High-built Polyamide Epoxy,High-build Polyamide Epoxy,Aliphatic Polyurethane Final coat,No,Marine,Low,Negligible
Sulfuric-P06-R02,Welded skid,No,Sulfuric acid,36,36,Stainless Steel,Yes,Inorganic zinc Self-cure Solvent base,High-built Polyamide Epoxy,High-build Polyamide Epoxy,Aliphatic Polyurethane Final coat,No,Marine,Negligible,Negligible
Sulfuric-P06-R03,Welded skid,No,Sulfuric acid,36,36,Stainless Steel,Yes,Inorganic zinc Self-cure Solvent base,High-built Polyamide Epoxy,High-build Polyamide Epoxy,Aliphatic Polyurethane Final coat,No,Marine,Negligible,Negligible
Sulfuric-P06-R04,Welded skid,No,Sulfuric acid,36,36,Stainless Steel,Yes,Inorganic zinc Self-cure Solvent base,High-built Polyamide Epoxy,High-build Polyamide Epoxy,Aliphatic Polyurethane Final coat,No,Marine,Negligible,Negligible
Sulfuric-P06-R05,Welded skid,No,Sulfuric acid,36,36,Stainless Steel,Yes,Inorganic zinc Self-cure Solvent base,High-built Polyamide Epoxy,High-build Polyamide Epoxy,Aliphatic Polyurethane Final coat,No,Marine,Negligible,Negligible
Sulfuric-P07-R01,Welded skid,No,Sulfuric acid,36,36,Stainless Steel,Yes,Inorganic zinc Self-cure Solvent base,High-built Polyamide Epoxy,High-build Polyamide Epoxy,Aliphatic Polyurethane Final coat,No,Marine,Negligible,Negligible
Sulfuric-P07-R02,Welded skid,No,Sulfuric acid,36,36,Stainless Steel,Yes,Inorganic zinc Self-cure Solvent base,High-built Polyamide Epoxy,High-build Polyamide Epoxy,Aliphatic Polyurethane Final coat,No,Marine,Negligible,Negligible
Sulfuric-P07-R03,Welded skid,No,Sulfuric acid,36,36,Stainless Steel,Yes,Inorganic zinc Self-cure Solvent base,High-built Polyamide Epoxy,High-build Polyamide Epoxy,Aliphatic Polyurethane Final coat,No,Marine,Negligible,Negligible
Sulfuric-P07-R04,Welded skid,No,Sulfuric acid,36,36,Stainless Steel,Yes,Inorganic zinc Self-cure Solvent base,High-built Polyamide Epoxy,High-build Polyamide Epoxy,Aliphatic Polyurethane Final coat,No,Marine,Negligible,Negligible
Sulfuric-P07-R05,Welded skid,No,Sulfuric acid,36,36,Stainless Steel,Yes,Inorganic zinc Self-cure Solvent base,High-built Polyamide Epoxy,High-build Polyamide Epoxy,Aliphatic Polyurethane Final coat,No,Marine,Negligible,Negligible
Sulfuric-P08-R01,Welded skid,No,Sulfuric acid,36,36,Stainless Steel,Yes,Inorganic zinc Self-cure Solvent base,High-built Polyamide Epoxy,High-build Polyamide Epoxy,Aliphatic Polyurethane Final coat,No,Marine,Negligible,Negligible
Sulfuric-P08-R02,Welded skid,No,Sulfuric acid,36,36,Stainless Steel,Yes,Inorganic zinc Self-cure Solvent base,High-built Polyamide Epoxy,High-build Polyamide Epoxy,Aliphatic Polyurethane Final coat,No,Marine,Negligible,Negligible
Sulfuric-P08-R03,Welded skid,No,Sulfuric acid,36,36,Stainless Steel,Yes,Inorganic zinc Self-cure Solvent base,High-built Polyamide Epoxy,High-build Polyamide Epoxy,Aliphatic Polyurethane Final coat,No,Marine,Negligible,Negligible
Sulfuric-P08-R04,Welded skid,No,Sulfuric acid,36,36,Stainless Steel,Yes,Inorganic zinc Self-cure Solvent base,High-built Polyamide Epoxy,High-build Polyamide Epoxy,Aliphatic Polyurethane Final coat,No,Marine,Negligible,Negligible
Sulfuric-P08-R05,Welded skid,No,Sulfuric acid,36,36,Stainless Steel,Yes,Inorganic zinc Self-cure Solvent base,High-built Polyamide Epoxy,High-build Polyamide Epoxy,Aliphatic Polyurethane Final coat,No,Marine,Negligible,Negligible
